{
  "P08100": 0.7292743358830519,
  "P35372": 0.6496782753727373,
  "P29274": 0.6214481325981088,
  "P30542": 0.552237919152594,
  "P08173": 0.46481320054941627
}