{
    "E7ESS9": 1.0,
    "A8K802": 1.0,
    "B4DI32": 0.8571428656578064,
    "Q5H927": 0.8571428656578064,
    "B2RXH2": 0.8571428656578064,
    "P11712": 0.8571428656578064,
    "P10635": 0.8571428656578064,
    "P05177": 0.8571428656578064,
    "P33259": 0.8571428656578064,
    "P05184": 0.8571428656578064,
    "P23197": 0.8571428656578064,
    "A0PJ95": 0.8571428656578064,
    "B3KMM8": 0.8571428656578064,
    "E7EMT8": 0.8571428656578064,
    "B2R7G2": 0.8571428656578064,
    "A8K2G5": 0.8571428656578064,
    "P27695": 0.8571428656578064,
    "O94975": 0.8571428656578064,
    "B4E2A5": 0.8571428656578064,
    "A8CZ64": 0.699999988079071
}