{
  "P08100": 0.7484485235646702,
  "P35372": 0.6415010679539521,
  "P29274": 0.5950704319074022,
  "P30542": 0.5197778244392234,
  "P08173": 0.46178877772731103
}