{
  "E7ESS9": 1.0,
  "A8K802": 1.0,
  "P05979": 1.0,
  "A7YWD4": 1.0,
  "A0PJW2": 1.0,
  "B4DI32": 0.8571428656578064,
  "Q5H927": 0.8571428656578064,
  "B2RXH2": 0.8571428656578064,
  "P11712": 0.8571428656578064,
  "P10635": 0.8571428656578064
}